{
  "cloudant_apikey": "Zl8QoDYtT1Y6ZI7eOlMHl2MmxLAXimysQFqDegU9ViRB",
  "cloudant_host": "82d95528-fc33-4799-a3f4-28c068abeb8a-bluemix.cloudantnosqldb.appdomain.cloud",
  "cloudant_iam_apikey_description": "Auto-generated for key 2b6baf24-bc67-4c24-8b49-8f886e964c01",
  "cloudant_iam_apikey_name": "787069ee-707f-429e-97dc-903402fb1804",
  "cloudant_iam_role_crn": "crn:v1:bluemix:public:iam::::serviceRole:Writer",
  "cloudant_iam_serviceid_crn": "crn:v1:bluemix:public:iam-identity::a/ab378a39ac1e43b1a651b26869cf5172::serviceid:ServiceId-4e7f9656-d643-4746-b14f-7623474da216",
  "cloudant_password": "90d34fa4a2d4cc7eadddc089d17e3e05cd683b1292e059a6000b2161c1bc60a3",
  "cloudant_port": 443,
  "cloudant_url": "https://82d95528-fc33-4799-a3f4-28c068abeb8a-bluemix:90d34fa4a2d4cc7eadddc089d17e3e05cd683b1292e059a6000b2161c1bc60a3@82d95528-fc33-4799-a3f4-28c068abeb8a-bluemix.cloudantnosqldb.appdomain.cloud",
  "cloudant_username": "82d95528-fc33-4799-a3f4-28c068abeb8a-bluemix"
}
